H,resample_min,expiry,n_bars,rr25_rmse_carry,rr25_dir_carry,rr25_rmse_rough,rr25_dir_rough,rr25_rmse_ar1,rr25_dir_ar1,bf25_rmse_carry,bf25_dir_carry,bf25_rmse_rough,bf25_dir_rough,bf25_rmse_ar1,bf25_dir_ar1,atm_total_var_rmse_carry,atm_total_var_dir_carry,atm_total_var_rmse_rough,atm_total_var_dir_rough,atm_total_var_rmse_ar1,atm_total_var_dir_ar1,rr25_resid_acf,rr25_resid_pval,bf25_resid_acf,bf25_resid_pval,alpha_mean,alpha_cv,gamma_mean,gamma_cv,verdict
0.03,1,2025-08-14,381.0,0.00034538513487685207,0.5910290237467019,0.0006374731156761497,0.5699208443271768,0.00034634798871385704,0.6147757255936676,0.0007481068113803819,0.5778364116094987,0.0006990889177545584,0.6569920844327177,0.00062198634327819,0.6701846965699209,5.4010970900706985e-06,0.506631299734748,5.4010970900706985e-06,0.506631299734748,5.401534675519522e-06,0.5211640211640212,0.759825597470229,1.7070428423278103e-72,0.38828120587952014,4.366363890036447e-15,-0.04047300473382108,0.017574557374352852,0.2555573161298834,0.20080672397921584,PASS
0.03,1,2025-08-15,762.0,0.0008018948980504509,0.6044973544973545,0.0030415609769334304,0.5369393139841688,0.0008046162670160615,0.6055408970976254,0.0007041376527815932,0.5947368421052631,0.000678680179233677,0.625,0.000612407073235142,0.6368421052631579,6.385035299876263e-06,0.526595744680851,6.385035299876263e-06,0.526595744680851,6.437585321054419e-06,0.5152317880794702,0.9279265189922771,0.0,0.4461091453835434,1.9240972395952573e-38,-0.042297960397116155,0.07716515757738877,0.2668547317183668,0.2008575953881789,MARGINAL
0.03,1,2025-08-18,762.0,0.0003039643511748446,0.6097883597883598,0.005598167150180855,0.5065963060686016,0.00030372082843453907,0.6015831134564644,0.00044443345962964217,0.5593667546174143,0.0007053117858510856,0.5836627140974967,0.00041472240432661534,0.6007905138339921,2.8255346382210557e-06,0.5200534759358288,2.8255346382210557e-06,0.5200534759358288,2.841005462632091e-06,0.5092838196286472,0.9907866950904464,0.0,0.7379398798364242,1.38225806466876e-131,-0.04366907108557102,0.13182283435202014,0.29462581336000593,0.22078795586657052,FAIL
0.03,1,2025-08-19,762.0,0.00030262433852726225,0.6153846153846154,0.0015692603412920851,0.4914134742404227,0.0003041693674620334,0.6150793650793651,0.00047294368971799553,0.5915119363395226,0.000766041163436568,0.607661822985469,0.00043643633348628157,0.6150793650793651,5.286916272180517e-06,0.5297297297297298,5.286916272180517e-06,0.5297297297297298,5.400682837444538e-06,0.5040106951871658,0.9399691968394246,0.0,0.79096055595401,7.072479352287768e-164,-0.04044499685528402,0.05543226933841161,0.3164345311837263,0.27369978645376486,FAIL
0.03,1,2025-08-20,762.0,0.00024101803651326752,0.5963060686015831,0.0023976175475170056,0.5098814229249012,0.0002432910087426323,0.5915678524374176,0.0005573604909120119,0.600263852242744,0.0006265038641050393,0.6073781291172595,0.0004987534652796831,0.5849802371541502,3.209266234492711e-06,0.5190217391304348,3.209266234492711e-06,0.5190217391304348,3.255176287976034e-06,0.5160857908847185,0.9818326677415506,0.0,0.5771744590320136,1.025741986646298e-68,-0.039253413865466366,0.08464999036994131,0.3704829826737083,0.21081478855819355,FAIL
0.03,1,2025-08-21,381.0,0.00022377572976431956,0.5809018567639257,0.0005766483891958839,0.5661375661375662,0.00022436639269440454,0.5873015873015873,0.0005185874895014954,0.6068601583113457,0.0005454236749043022,0.6015831134564644,0.00045948929960763557,0.6253298153034301,2.6746466136975547e-06,0.5444743935309974,2.6746466136975547e-06,0.5444743935309974,2.7064617918436485e-06,0.5267379679144385,0.8721353588136296,4.2714070156044914e-119,0.561862613227686,6.406474494821364e-33,-0.039873034481858895,0.021762700182064443,0.3837666485971676,0.18321044782588564,FAIL
0.03,1,ALL,635.0,0.0003697770814844995,0.5996512131304234,0.002303454586799235,0.5301481546138062,0.0003710853088439213,0.6026414234943546,0.0005742615989871866,0.5884293258709646,0.0006701749308808718,0.6137129773482345,0.000507299153202258,0.6222011222006693,4.2970826914231335e-06,0.5244177304570982,4.2970826914231335e-06,0.5244177304570982,4.340407729411708e-06,0.5154190138097435,0.9120793391579262,2.845071403879684e-73,0.5837213098855328,7.277273150060745e-16,-0.04100191356985292,0.06473458486569651,0.31462033727714306,0.21502954967863486,FAIL
0.03,5,2025-08-14,77.0,0.0006589558261878565,0.5066666666666667,0.0007506236147188634,0.56,0.0006634473522251893,0.49333333333333335,0.0008847447162686453,0.68,0.0006765579482378213,0.7333333333333333,0.0007815805851747135,0.7066666666666667,9.773261878867337e-06,0.5066666666666667,9.773261878867337e-06,0.5066666666666667,9.664683823193392e-06,0.5466666666666666,0.4206275111434474,0.00017165082085872412,0.017307837288255953,0.8828291487803603,-0.040398963295031405,0.018735596625388037,0.2527874976091742,0.19278257470095544,PASS
0.03,5,2025-08-15,154.0,0.0011332716282288157,0.6842105263157895,0.0031310830727162195,0.5526315789473685,0.0011597242695234032,0.6644736842105263,0.0008986247756992903,0.631578947368421,0.0006841968917250691,0.7105263157894737,0.0007351733168356686,0.7171052631578947,1.2110699230949142e-05,0.46710526315789475,1.2110699230949142e-05,0.46710526315789475,1.2407186357577846e-05,0.4605263157894737,0.8595832568566707,1.3818722177031396e-45,0.11220010222827376,0.1687515629151715,-0.04219930430487321,0.07851531967980947,0.26861801621528436,0.19932134146331396,PASS
0.03,5,2025-08-18,154.0,0.0005783229963604953,0.5526315789473685,0.005597465297684307,0.506578947368421,0.0005842601357837385,0.5328947368421053,0.0006412099063393464,0.625,0.0006861578780454735,0.6973684210526315,0.0005889202541266166,0.6776315789473685,5.38751361975479e-06,0.45394736842105265,5.38751361975479e-06,0.45394736842105265,5.506933114860976e-06,0.4342105263157895,0.9574466312413055,7.561145150906121e-83,0.3889274168218081,7.352674413173831e-07,-0.04363834422779449,0.1315767503578181,0.2924866905160378,0.21896660657433253,FAIL
0.03,5,2025-08-19,154.0,0.0006276769582303912,0.5197368421052632,0.0016380893069636662,0.4342105263157895,0.0006430718942501869,0.506578947368421,0.0006784502542830631,0.6710526315789473,0.000766099784642901,0.6381578947368421,0.0006231583459308048,0.6118421052631579,1.1469142001734964e-05,0.5666666666666667,1.1469142001734964e-05,0.5666666666666667,1.2525218460130112e-05,0.4768211920529801,0.7769252481273012,6.024248677608067e-32,0.5369265124825885,9.981382551202117e-13,-0.040435916138041886,0.05495806599419091,0.31555841911324173,0.27399174971480117,FAIL
0.03,5,2025-08-20,154.0,0.00041664455877844195,0.5921052631578947,0.002425458037192956,0.506578947368421,0.00041836720319331737,0.5789473684210527,0.0006870677081563875,0.6052631578947368,0.00063767690445378,0.6710526315789473,0.0006123129951543719,0.618421052631579,5.813146744290369e-06,0.5263157894736842,5.813146744290369e-06,0.5263157894736842,5.8786096556755485e-06,0.5,0.9391340495179721,1.7327245990993634e-71,0.33498919324968734,2.4596506575377576e-05,-0.03926985403883336,0.08433885992812634,0.36863243776071736,0.21053471095254647,PASS
0.03,5,2025-08-21,77.0,0.0003834186326017343,0.56,0.0006246682495488913,0.5066666666666667,0.00038237767562819807,0.52,0.0006840417776355017,0.6133333333333333,0.0005377981974266972,0.6666666666666666,0.0006056210361598432,0.68,4.10639114526096e-06,0.5466666666666666,4.10639114526096e-06,0.5466666666666666,4.245466440209427e-06,0.4533333333333333,0.6669309639092779,6.460214379844688e-11,0.16676197773501966,0.1527230184633207,-0.03989922060319697,0.02159023538220755,0.38097727934212305,0.18268432908195856,PASS
0.03,5,ALL,128.33333333333334,0.0006330484333979559,0.5692251461988305,0.002361231263137484,0.5111111111111112,0.0006418747551006722,0.5493713450292398,0.000745689856397039,0.637704678362573,0.0006647479340886237,0.6861842105263157,0.0006577944222303365,0.6686111111111112,8.110025770142927e-06,0.5112280701754387,8.110025770142927e-06,0.5112280701754387,8.371349641941217e-06,0.4785930056930405,0.7701079434659958,2.8608480910144655e-05,0.25951883996760555,0.20072151032231123,-0.04097360043462856,0.06495247132792341,0.3131767234260964,0.21304688541465136,PASS
0.03,15,2025-08-14,26.0,0.0008584143328973198,0.7083333333333334,0.0008236537095636176,0.625,0.0008584143328973198,0.7083333333333334,0.0007447995803303888,0.5833333333333334,0.000759356761935477,0.6666666666666666,0.0007447995803303888,0.5833333333333334,1.3462632498721303e-05,0.625,1.3462632498721303e-05,0.625,1.3462632498721303e-05,0.625,0.16114315798565415,0.45191225388293826,0.4121639415184705,0.045352640881278335,-0.040372468515406705,0.019822383374191205,0.24985828505315905,0.21486064900876306,MARGINAL
0.03,15,2025-08-15,52.0,0.0013756929622469327,0.68,0.0030667488790446723,0.54,0.0013926306808762043,0.68,0.0009416406360826203,0.54,0.0007255789144661797,0.74,0.0009228155778083941,0.56,1.9105419243584118e-05,0.56,1.9105419243584118e-05,0.56,1.9209137780600973e-05,0.54,0.7585242971610215,1.759595716126696e-10,0.0677684479830279,0.6400611667173879,-0.04227988699420849,0.0742190174002848,0.2753082584966801,0.20196296902943614,PASS
0.03,15,2025-08-18,52.0,0.0009060409623786616,0.7,0.005563312769955873,0.52,0.0009230251537952375,0.64,0.000635456729142286,0.5,0.0006857912261754398,0.76,0.000598321994165724,0.68,8.976834024642128e-06,0.46,8.976834024642128e-06,0.46,9.05248059862091e-06,0.48,0.904559663072605,2.1347547504709245e-19,0.48205910681513736,0.00039292531962126123,-0.04365733003916518,0.1311492429138164,0.2963802832756683,0.2085920579829961,FAIL
0.03,15,2025-08-19,52.0,0.0010489714976230915,0.52,0.0017361789789481687,0.44,0.0011729420291286994,0.52,0.0007292227012538223,0.58,0.0007848621117640356,0.68,0.0006817475315977526,0.58,1.876320980587657e-05,0.48,1.876320980587657e-05,0.48,2.0030339866546666e-05,0.4,0.35486691300816076,0.011448150681569017,0.38814929290115796,0.005347281110207812,-0.04050851324162575,0.05342699432184874,0.3198011519858281,0.2750569411741058,FAIL
0.03,15,2025-08-20,52.0,0.000708621602972392,0.52,0.0025593775862133,0.46,0.0007155732098197715,0.52,0.0007046280827589806,0.7,0.0006178439146185648,0.7,0.0006376162999327559,0.72,8.670455601682759e-06,0.42,8.670455601682759e-06,0.42,8.739710994577226e-06,0.42,0.9008624214476787,5.09260469007152e-19,0.2086303872187968,0.14595157378026186,-0.03932251722901391,0.08432420864982401,0.3741123576261351,0.19391488300135468,PASS
0.03,15,2025-08-21,26.0,0.0005683171850858778,0.4583333333333333,0.0007093737379949186,0.5,0.0005683171850858778,0.4583333333333333,0.0007757952898139937,0.7083333333333334,0.0005803808441477488,0.7916666666666666,0.0007757952898139937,0.7083333333333334,5.115956519270522e-06,0.3333333333333333,5.115956519270522e-06,0.3333333333333333,5.115956519270522e-06,0.3333333333333333,0.4530348825671903,0.026205333979021108,-0.07843795572148847,0.7156231771258409,-0.03987903746454691,0.0209501881943633,0.36959652807532045,0.1788956335241266,PASS
0.03,15,ALL,43.333333333333336,0.0009110097572007126,0.5977777777777779,0.002409774276953425,0.5141666666666667,0.0009384837652671851,0.5877777777777778,0.0007552571698970154,0.6019444444444445,0.0006923022955179076,0.7230555555555557,0.0007268493789415014,0.6386111111111112,1.2349084615629566e-05,0.4797222222222222,1.2349084615629566e-05,0.4797222222222222,1.2601709709722935e-05,0.4663888888888889,0.5888318892070517,0.08159428978658133,0.24672220345251705,0.2587881274890997,-0.04100329224732782,0.06398200580905475,0.3141761440854652,0.21221385562013037,PASS
0.03,30,2025-08-15,26.0,0.0014237981259699506,0.5416666666666666,0.003190445263648409,0.4583333333333333,0.0014237981259699506,0.5416666666666666,0.0008250079889742619,0.625,0.0007092683830418586,0.7916666666666666,0.0008250079889742619,0.625,2.4698850429978212e-05,0.4583333333333333,2.4698850429978212e-05,0.4583333333333333,2.4698850429978212e-05,0.4583333333333333,0.8515149751431417,1.3191119305168588e-07,0.0706060002746274,0.7430314826863271,-0.04245333135148596,0.07263619679320343,0.2768056085438755,0.1814866369045761,PASS
0.03,30,2025-08-18,26.0,0.0012465508393353843,0.4583333333333333,0.005565675639189156,0.5416666666666666,0.0012465508393353843,0.4583333333333333,0.0007248372538414777,0.6666666666666666,0.0007640287153759547,0.7083333333333334,0.0007248372538414777,0.6666666666666666,1.166740886604556e-05,0.5416666666666666,1.166740886604556e-05,0.5416666666666666,1.166740886604556e-05,0.5416666666666666,0.7774762098211294,7.814666650150434e-06,0.3669457676307585,0.07776298505687239,-0.043622882815614696,0.12989769407793372,0.29485798038041405,0.21130970384163814,FAIL
0.03,30,2025-08-19,26.0,0.001139028446080916,0.4583333333333333,0.0017957483514527155,0.4583333333333333,0.001139028446080916,0.4583333333333333,0.0007981177249279822,0.5833333333333334,0.0008335637470058108,0.6666666666666666,0.0007981177249279822,0.5833333333333334,2.152511605095445e-05,0.5833333333333334,2.152511605095445e-05,0.5833333333333334,2.152511605095445e-05,0.5833333333333334,0.5427357682812503,0.006138392440105487,0.44581644331074266,0.029003441299429788,-0.04052142045949977,0.0502079109156606,0.31907984961247676,0.2970808080710319,MARGINAL
0.03,30,2025-08-20,26.0,0.0009589999212429383,0.625,0.002657325388557238,0.4166666666666667,0.0009589999212429383,0.625,0.0006496239783543688,0.5833333333333334,0.000574543322763488,0.875,0.0006496239783543688,0.5833333333333334,1.1193690689524486e-05,0.3333333333333333,1.1193690689524486e-05,0.3333333333333333,1.1193690689524486e-05,0.3333333333333333,0.8086334025579018,1.7389576801118897e-06,0.1510201924063705,0.48118032562276347,-0.03931736060904979,0.08622744766013819,0.3709800988735336,0.17646084506633897,PASS
0.03,30,ALL,26.0,0.0011920943331572974,0.5208333333333333,0.0033022986607118797,0.46875,0.0011920943331572974,0.5208333333333333,0.0007493967365245226,0.6145833333333334,0.0007203510420467781,0.7604166666666666,0.0007493967365245226,0.6145833333333334,1.7271266509125676e-05,0.4791666666666667,1.7271266509125676e-05,0.4791666666666667,1.7271266509125676e-05,0.4791666666666667,0.7450900889508558,0.0015370194939072002,0.25859710090562477,0.3327445586663482,-0.04147874880891256,0.08474231236173398,0.315430884352575,0.21658449847089628,MARGINAL
0.05,1,2025-08-14,381.0,0.00034538513487685207,0.5910290237467019,0.0006374731156761497,0.5699208443271768,0.00034634798871385704,0.6147757255936676,0.0007481068113803819,0.5778364116094987,0.0006990889177545584,0.6569920844327177,0.00062198634327819,0.6701846965699209,5.4010970900706985e-06,0.506631299734748,5.4010970900706985e-06,0.506631299734748,5.401534675519522e-06,0.5211640211640212,0.7598255974702287,1.7070428423283738e-72,0.38828120587952003,4.366363890036623e-15,-0.0438035535853844,0.017574557374352852,0.29934782809518046,0.20080672397921584,PASS
0.05,1,2025-08-15,762.0,0.0008018948980504509,0.6044973544973545,0.0029800034245099794,0.5369393139841688,0.0008046162670160615,0.6055408970976254,0.0007041376527815932,0.5947368421052631,0.0006811136132224417,0.625,0.000612407073235142,0.6368421052631579,6.385035299876263e-06,0.526595744680851,6.385035299876263e-06,0.526595744680851,6.437585321054419e-06,0.5152317880794702,0.9252211345087292,2.994e-321,0.44814169474725274,8.097421072733257e-39,-0.04571321826566939,0.07592416459582199,0.31180156803952747,0.2017318800667549,MARGINAL
0.05,1,2025-08-18,762.0,0.0003039643511748446,0.6097883597883598,0.005416024416949435,0.5065963060686016,0.00030372082843453907,0.6015831134564644,0.00044443345962964217,0.5593667546174143,0.0006908359017191383,0.5849802371541502,0.00041472240432661534,0.6007905138339921,2.8255346382210557e-06,0.5200534759358288,2.8255346382210557e-06,0.5200534759358288,2.841005462632091e-06,0.5092838196286472,0.9904221148100744,0.0,0.7306130598290391,9.733655673817772e-128,-0.04707296768338035,0.12839395552697577,0.3423241029329738,0.2165367911456554,FAIL
0.05,1,2025-08-19,762.0,0.00030262433852726225,0.6153846153846154,0.0015309477589943781,0.4940554821664465,0.0003041693674620334,0.6150793650793651,0.00047294368971799553,0.5915119363395226,0.0007697819661202786,0.6089828269484808,0.00043643633348628157,0.6150793650793651,5.286916272180517e-06,0.5297297297297298,5.286916272180517e-06,0.5297297297297298,5.400682837444538e-06,0.5040106951871658,0.9369888165481397,0.0,0.7922484280443545,8.912101471092575e-165,-0.043712161197755485,0.05432585483285007,0.36982007923410265,0.27536224606230203,FAIL
0.05,1,2025-08-20,762.0,0.00024101803651326752,0.5963060686015831,0.002351307501775943,0.5098814229249012,0.0002432910087426323,0.5915678524374176,0.0005573604909120119,0.600263852242744,0.0006275425187632686,0.6073781291172595,0.0004987534652796831,0.5849802371541502,3.209266234492711e-06,0.5190217391304348,3.209266234492711e-06,0.5190217391304348,3.255176287976034e-06,0.5160857908847185,0.9811563538224513,0.0,0.5761794026723437,1.9715288309156493e-68,-0.04242251531842684,0.0834226497974525,0.43285053657948575,0.21129045376282815,FAIL
0.05,1,2025-08-21,381.0,0.00022377572976431956,0.5809018567639257,0.000576648389195884,0.5661375661375662,0.00022436639269440454,0.5873015873015873,0.0005185874895014954,0.6068601583113457,0.0005454236749043022,0.6015831134564644,0.00045948929960763557,0.6253298153034301,2.6746466136975547e-06,0.5444743935309974,2.6746466136975547e-06,0.5444743935309974,2.7064617918436485e-06,0.5267379679144385,0.8721353588136297,4.2714070156044914e-119,0.561862613227686,6.406474494821364e-33,-0.04303911632399971,0.02176270018206445,0.4471315803082776,0.18321044782588558,FAIL
0.05,1,ALL,635.0,0.0003697770814844995,0.5996512131304234,0.0022487341011836284,0.5305884892681435,0.0003710853088439213,0.6026414234943546,0.0005742615989871866,0.5884293258709646,0.0006689644320806645,0.6141527318515121,0.000507299153202258,0.6222011222006693,4.2970826914231335e-06,0.5244177304570982,4.2970826914231335e-06,0.5244177304570982,4.340407729411708e-06,0.5154190138097435,0.9109582293288755,2.845071403880623e-73,0.5828877340666994,7.277273150061039e-16,-0.044293922062436035,0.06356731371825294,0.36721261586492454,0.21482309047377365,FAIL
0.05,5,2025-08-14,77.0,0.0006589558261878565,0.5066666666666667,0.0007506236147188641,0.56,0.0006634473522251893,0.49333333333333335,0.0008847447162686453,0.68,0.0006765579482378212,0.7333333333333333,0.0007815805851747135,0.7066666666666667,9.773261878867337e-06,0.5066666666666667,9.773261878867337e-06,0.5066666666666667,9.664683823193392e-06,0.5466666666666666,0.42062751114344826,0.00017165082085871824,0.017307837288256214,0.8828291487803629,-0.04372341923032743,0.01873559662538804,0.2961033928704393,0.19278257470095544,PASS
0.05,5,2025-08-15,154.0,0.0011332716282288157,0.6842105263157895,0.0030707511279178725,0.5526315789473685,0.0011597242695234032,0.6644736842105263,0.0008986247756992903,0.631578947368421,0.0006867505515019748,0.7105263157894737,0.0007351733168356686,0.7171052631578947,1.2110699230949142e-05,0.46710526315789475,1.2110699230949142e-05,0.46710526315789475,1.2407186357577846e-05,0.4605263157894737,0.8546140262923471,1.5436744689232784e-44,0.11646525937638416,0.15303458475074538,-0.04560653077811202,0.0772779440813409,0.3138630104904607,0.20019333900294628,PASS
0.05,5,2025-08-18,154.0,0.0005783229963604953,0.5526315789473685,0.0054162048460691635,0.506578947368421,0.0005842601357837385,0.5328947368421053,0.0006412099063393464,0.625,0.0006697640906170063,0.7039473684210527,0.0005889202541266166,0.6776315789473685,5.38751361975479e-06,0.45394736842105265,5.38751361975479e-06,0.45394736842105265,5.506933114860976e-06,0.4342105263157895,0.9559293337738154,9.889717965188181e-82,0.36895811091484165,2.905745581240741e-06,-0.04703985132576804,0.12814057822594024,0.3398404216562086,0.21466427641458335,MARGINAL
0.05,5,2025-08-19,154.0,0.0006276769582303912,0.5197368421052632,0.0016029579917911899,0.4342105263157895,0.0006430718942501869,0.506578947368421,0.0006784502542830631,0.6710526315789473,0.0007699970576602096,0.6381578947368421,0.0006231583459308048,0.6118421052631579,1.1469142001734964e-05,0.5666666666666667,1.1469142001734964e-05,0.5666666666666667,1.2525218460130112e-05,0.4768211920529801,0.7683517778581612,7.169228131117267e-31,0.5391063773520428,7.762098499312283e-13,-0.04370236941298577,0.053852287510297574,0.3687927909036517,0.27564748145258644,FAIL
0.05,5,2025-08-20,154.0,0.00041664455877844195,0.5921052631578947,0.0023794617859441867,0.506578947368421,0.00041836720319331737,0.5789473684210527,0.0006870677081563875,0.6052631578947368,0.0006383237012511447,0.6710526315789473,0.0006123129951543719,0.618421052631579,5.813146744290369e-06,0.5263157894736842,5.813146744290369e-06,0.5263157894736842,5.8786096556755485e-06,0.5,0.9370481129657986,2.0053948158855184e-70,0.3352878420697809,2.416450803555527e-05,-0.042440292223276915,0.08310900064028061,0.4306949252875164,0.21104587573506942,PASS
0.05,5,2025-08-21,77.0,0.0003834186326017343,0.56,0.0006246682495488908,0.5066666666666667,0.00038237767562819807,0.52,0.0006840417776355017,0.6133333333333333,0.0005377981974266972,0.6666666666666666,0.0006056210361598432,0.68,4.10639114526096e-06,0.5466666666666666,4.10639114526096e-06,0.5466666666666666,4.245466440209427e-06,0.4533333333333333,0.6669309639092764,6.460214379845572e-11,0.16676197773501972,0.1527230184633207,-0.04306738173035741,0.021590235382207567,0.44388164942545977,0.18268432908195859,PASS
0.05,5,ALL,128.33333333333334,0.0006330484333979559,0.5692251461988305,0.0023074446026650278,0.5111111111111112,0.0006418747551006722,0.5493713450292398,0.000745689856397039,0.637704678362573,0.000663198591115809,0.6872807017543859,0.0006577944222303365,0.6686111111111112,8.110025770142927e-06,0.5112280701754387,8.110025770142927e-06,0.5112280701754387,8.371349641941217e-06,0.4785930056930405,0.7672502876571411,2.8608480910143676e-05,0.25731456745605424,0.198102303708137,-0.04426330745013793,0.06378427374424249,0.3655293651056228,0.21283631273134995,PASS
0.05,15,2025-08-14,26.0,0.0008584143328973198,0.7083333333333334,0.000823653709563618,0.625,0.0008584143328973198,0.7083333333333334,0.0007447995803303888,0.5833333333333334,0.000759356761935477,0.6666666666666666,0.0007447995803303888,0.5833333333333334,1.3462632498721303e-05,0.625,1.3462632498721303e-05,0.625,1.3462632498721303e-05,0.625,0.16114315798565143,0.45191225388294537,0.41216394151847024,0.04535264088127845,-0.04369474417873054,0.019822383374191208,0.29267225096477534,0.21486064900876306,MARGINAL
0.05,15,2025-08-15,52.0,0.0013756929622469327,0.68,0.003009486994866449,0.54,0.0013926306808762043,0.68,0.0009416406360826203,0.54,0.0007283500097642814,0.74,0.0009228155778083941,0.56,1.9105419243584118e-05,0.56,1.9105419243584118e-05,0.56,1.9209137780600973e-05,0.54,0.7512257296470816,3.28363706411321e-10,0.07353916354780649,0.6117786260210949,-0.04569387022438904,0.07297720443734262,0.32170443408072014,0.20312117319680903,PASS
0.05,15,2025-08-18,52.0,0.0009060409623786616,0.7,0.005384633620170722,0.52,0.0009230251537952375,0.64,0.000635456729142286,0.5,0.000676968760754919,0.8,0.000598321994165724,0.68,8.976834024642128e-06,0.46,8.976834024642128e-06,0.46,9.05248059862091e-06,0.48,0.9015643450765268,4.3291761735962125e-19,0.46692493638060256,0.0006301994533887112,-0.047060372165047396,0.12771040355120075,0.344378958360689,0.2043028090046737,FAIL
0.05,15,2025-08-19,52.0,0.0010489714976230915,0.52,0.001708356165033441,0.44,0.0011729420291286994,0.52,0.0007292227012538223,0.58,0.0007883993636709974,0.68,0.0006817475315977526,0.58,1.876320980587657e-05,0.48,1.876320980587657e-05,0.48,2.0030339866546666e-05,0.4,0.3353862135084634,0.017267129967528477,0.39049809587625844,0.005052624361228435,-0.04378091406009908,0.052324448210573034,0.373765065511571,0.27681189063100137,FAIL
0.05,15,2025-08-20,52.0,0.000708621602972392,0.52,0.0025139300030461794,0.46,0.0007155732098197715,0.52,0.0007046280827589806,0.7,0.0006178373546646097,0.7,0.0006376162999327559,0.72,8.670455601682759e-06,0.42,8.670455601682759e-06,0.42,8.739710994577226e-06,0.42,0.898508664088311,8.703274702244755e-19,0.2086542324593781,0.14590446250434233,-0.042497186913403165,0.08308842362906776,0.43708318443608385,0.19431396034117604,PASS
0.05,15,2025-08-21,26.0,0.0005683171850858778,0.4583333333333333,0.0007093737379949184,0.5,0.0005683171850858778,0.4583333333333333,0.0007757952898139937,0.7083333333333334,0.0005803808441477488,0.7916666666666666,0.0007757952898139937,0.7083333333333334,5.115956519270522e-06,0.3333333333333333,5.115956519270522e-06,0.3333333333333333,5.115956519270522e-06,0.3333333333333333,0.4530348825671896,0.02620533397902136,-0.07843795572148847,0.7156231771258409,-0.0430455959680388,0.020950188194363284,0.430621786126702,0.1788956335241266,PASS
0.05,15,ALL,43.333333333333336,0.0009110097572007126,0.5977777777777779,0.002358239038445888,0.5141666666666667,0.0009384837652671851,0.5877777777777778,0.0007552571698970154,0.6019444444444445,0.0006918821824896722,0.7297222222222223,0.0007268493789415014,0.6386111111111112,1.2349084615629566e-05,0.4797222222222222,1.2349084615629566e-05,0.4797222222222222,1.2601709709722935e-05,0.4663888888888889,0.5834771654788707,0.08256411969297649,0.24555706901017124,0.25405695505786224,-0.044295447251618,0.06281217523278977,0.3667042799134235,0.21205101928442496,PASS
0.05,30,2025-08-15,26.0,0.0014237981259699506,0.5416666666666666,0.003134711133568708,0.4583333333333333,0.0014237981259699506,0.5416666666666666,0.0008250079889742619,0.625,0.0007121290783485859,0.7916666666666666,0.0008250079889742619,0.625,2.4698850429978212e-05,0.4583333333333333,2.4698850429978212e-05,0.4583333333333333,2.4698850429978212e-05,0.4583333333333333,0.8473851625162017,1.7480465961522022e-07,0.07295644352989812,0.7347724189247071,-0.04588134513452557,0.07137728679330026,0.3234402973625361,0.18262167587165742,PASS
0.05,30,2025-08-18,26.0,0.0012465508393353843,0.4583333333333333,0.005390160496747532,0.5416666666666666,0.0012465508393353843,0.4583333333333333,0.0007248372538414777,0.6666666666666666,0.0007469625143396274,0.7083333333333334,0.0007248372538414777,0.6666666666666666,1.166740886604556e-05,0.5416666666666666,1.166740886604556e-05,0.5416666666666666,1.166740886604556e-05,0.5416666666666666,0.7714139861572409,1.0185280368977619e-05,0.34721000152805825,0.09644254115858325,-0.0470234499569733,0.12646110941817817,0.3426012361783858,0.20693014501021995,MARGINAL
0.05,30,2025-08-19,26.0,0.001139028446080916,0.4583333333333333,0.001761763278285439,0.4583333333333333,0.001139028446080916,0.4583333333333333,0.0007981177249279822,0.5833333333333334,0.0008372957252280351,0.6666666666666666,0.0007981177249279822,0.5833333333333334,2.152511605095445e-05,0.5833333333333334,2.152511605095445e-05,0.5833333333333334,2.152511605095445e-05,0.5833333333333334,0.5285138900624501,0.00793046792492724,0.4488067797488191,0.027816645435015674,-0.043795022914558626,0.04910678326567236,0.37295888817310147,0.29899318021414406,MARGINAL
0.05,30,2025-08-20,26.0,0.0009589999212429383,0.625,0.002613258636473447,0.4166666666666667,0.0009589999212429383,0.625,0.0006496239783543688,0.5833333333333334,0.0005756312182085373,0.875,0.0006496239783543688,0.5833333333333334,1.1193690689524486e-05,0.3333333333333333,1.1193690689524486e-05,0.3333333333333333,1.1193690689524486e-05,0.3333333333333333,0.8024944539447748,2.3867884424220036e-06,0.1479702805512695,0.49018239709192024,-0.042491480627003746,0.08498022142961437,0.4333899523943735,0.17645782733885415,PASS
0.05,30,ALL,26.0,0.0011920943331572974,0.5208333333333333,0.0032249733862687816,0.46875,0.0011920943331572974,0.5208333333333333,0.0007493967365245226,0.6145833333333334,0.0007180046340311964,0.7604166666666666,0.0007493967365245226,0.6145833333333334,1.7271266509125676e-05,0.4791666666666667,1.7271266509125676e-05,0.4791666666666667,1.7271266509125676e-05,0.4791666666666667,0.7374518731701669,0.001985803699599564,0.2542358763395112,0.33730350065255654,-0.04479782465826532,0.08298135022669129,0.36809759352709925,0.2162507071087189,MARGINAL
0.07,1,2025-08-14,381.0,0.00034538513487685207,0.5910290237467019,0.0006374731156761498,0.5699208443271768,0.00034634798871385704,0.6147757255936676,0.0007481068113803819,0.5778364116094987,0.0006990889177545584,0.6569920844327177,0.00062198634327819,0.6701846965699209,5.4010970900706985e-06,0.506631299734748,5.4010970900706985e-06,0.506631299734748,5.401534675519522e-06,0.5211640211640212,0.7598255974702288,1.7070428423281124e-72,0.38828120587952014,4.366363890036447e-15,-0.04740817538323876,0.017574557374352855,0.3506419755158143,0.20080672397921584,PASS
0.07,1,2025-08-15,762.0,0.0008018948980504509,0.6044973544973545,0.002918736904967654,0.5369393139841688,0.0008046162670160615,0.6055408970976254,0.0007041376527815932,0.5947368421052631,0.0006837160830917379,0.6223684210526316,0.000612407073235142,0.6368421052631579,6.385035299876263e-06,0.526595744680851,6.385035299876263e-06,0.526595744680851,6.437585321054419e-06,0.5152317880794702,0.9223760434759283,2.399307014e-315,0.4504528721515568,3.004984950749089e-39,-0.04940432143362084,0.07468596312820398,0.3643214701593511,0.20263823457270577,MARGINAL
0.07,1,2025-08-18,762.0,0.0003039643511748446,0.6097883597883598,0.005235298603194633,0.5065963060686016,0.00030372082843453907,0.6015831134564644,0.00044443345962964217,0.5593667546174143,0.0006765152440441819,0.5876152832674572,0.00041472240432661534,0.6007905138339921,2.8255346382210557e-06,0.5200534759358288,2.8255346382210557e-06,0.5200534759358288,2.841005462632091e-06,0.5092838196286472,0.9900242012563595,0.0,0.7237653172178067,2.9614263990309713e-124,-0.050742824990844544,0.12496652921840504,0.39776436370417306,0.21243075369186473,FAIL
0.07,1,2025-08-19,762.0,0.00030262433852726225,0.6153846153846154,0.0014932717906740375,0.4940554821664465,0.0003041693674620334,0.6150793650793651,0.00047294368971799553,0.5915119363395226,0.0007735283957845766,0.6103038309114928,0.00043643633348628157,0.6150793650793651,5.286916272180517e-06,0.5297297297297298,5.286916272180517e-06,0.5297297297297298,5.400682837444538e-06,0.5040106951871658,0.9338923275758817,0.0,0.7935221554984755,1.1323089633656932e-165,-0.04724333255608217,0.05322970156967541,0.43221529082727433,0.27703900410312,FAIL
0.07,1,2025-08-20,762.0,0.00024101803651326752,0.5963060686015831,0.0023052205285635768,0.5098814229249012,0.0002432910087426323,0.5915678524374176,0.0005573604909120119,0.600263852242744,0.0006285145208085784,0.6060606060606061,0.0004987534652796831,0.5849802371541502,3.209266234492711e-06,0.5190217391304348,3.209266234492711e-06,0.5190217391304348,3.255176287976034e-06,0.5160857908847185,0.980442084534153,0.0,0.5753403387478833,3.4145049678684068e-68,-0.04584755359237311,0.08219818598668294,0.5057207219147286,0.211799986128588,FAIL
0.07,1,2025-08-21,381.0,0.00022377572976431956,0.5809018567639257,0.0005766483891958838,0.5661375661375662,0.00022436639269440454,0.5873015873015873,0.0005185874895014954,0.6068601583113457,0.0005454236749043022,0.6015831134564644,0.00045948929960763557,0.6253298153034301,2.6746466136975547e-06,0.5444743935309974,2.6746466136975547e-06,0.5444743935309974,2.7064617918436485e-06,0.5267379679144385,0.8721353588136292,4.2714070156068606e-119,0.561862613227686,6.406474494821364e-33,-0.04645659799967203,0.021762700182064436,0.5209588973919327,0.18321044782588558,FAIL
0.07,1,ALL,635.0,0.0003697770814844995,0.5996512131304234,0.002194441555378656,0.5305884892681435,0.0003710853088439213,0.6026414234943546,0.0005742615989871866,0.5884293258709646,0.0006677978060646559,0.6141538898635616,0.000507299153202258,0.6222011222006693,4.2970826914231335e-06,0.5244177304570982,4.2970826914231335e-06,0.5244177304570982,4.340407729411708e-06,0.5154190138097435,0.9097826021876969,2.8450714038801874e-73,0.5822040837871547,7.277273150060745e-16,-0.04785046765930525,0.06240293957656411,0.42860378658554565,0.21465419171689668,FAIL
0.07,5,2025-08-14,77.0,0.0006589558261878565,0.5066666666666667,0.000750623614718864,0.56,0.0006634473522251893,0.49333333333333335,0.0008847447162686453,0.68,0.0006765579482378213,0.7333333333333333,0.0007815805851747135,0.7066666666666667,9.773261878867337e-06,0.5066666666666667,9.773261878867337e-06,0.5066666666666667,9.664683823193392e-06,0.5466666666666666,0.42062751114344826,0.00017165082085871824,0.017307837288256175,0.8828291487803629,-0.047321446722027316,0.01873559662538806,0.34684159659248825,0.19278257470095547,PASS
0.07,5,2025-08-15,154.0,0.0011332716282288157,0.6842105263157895,0.0030107374582757454,0.5526315789473685,0.0011597242695234032,0.6644736842105263,0.0008986247756992903,0.631578947368421,0.0006894891259587351,0.7105263157894737,0.0007351733168356686,0.7171052631578947,1.2110699230949142e-05,0.46710526315789475,1.2110699230949142e-05,0.46710526315789475,1.2407186357577846e-05,0.4605263157894737,0.8494041947193726,1.7632487336539547e-43,0.12095396126297182,0.1377118621534168,-0.04928894855641318,0.07604341505901074,0.3667315026608479,0.20109763648403345,PASS
0.07,5,2025-08-18,154.0,0.0005783229963604953,0.5526315789473685,0.005236374966919027,0.506578947368421,0.0005842601357837385,0.5328947368421053,0.0006412099063393464,0.625,0.0006536034705593224,0.7236842105263158,0.0005889202541266166,0.6776315789473685,5.38751361975479e-06,0.45394736842105265,5.38751361975479e-06,0.45394736842105265,5.506933114860976e-06,0.4342105263157895,0.9542796399805866,1.4636634770796578e-80,0.3504374665148571,9.599794144328066e-06,-0.05070713287144889,0.12470545485797142,0.3948804855317081,0.21050620809285037,MARGINAL
0.07,5,2025-08-19,154.0,0.0006276769582303912,0.5197368421052632,0.0015682457938321806,0.4342105263157895,0.0006430718942501869,0.506578947368421,0.0006784502542830631,0.6710526315789473,0.0007738793475481188,0.6381578947368421,0.0006231583459308048,0.6118421052631579,1.1469142001734964e-05,0.5666666666666667,1.1469142001734964e-05,0.5666666666666667,1.2525218460130112e-05,0.4768211920529801,0.7591901304448738,9.011023572608561e-30,0.5413329930698487,5.992555910447301e-13,-0.047232774063256815,0.052756893227417265,0.4310107480604798,0.2773176792342661,FAIL
0.07,5,2025-08-20,154.0,0.00041664455877844195,0.5921052631578947,0.002333693454969587,0.506578947368421,0.00041836720319331737,0.5789473684210527,0.0006870677081563875,0.6052631578947368,0.0006389938358459369,0.6710526315789473,0.0006123129951543719,0.618421052631579,5.813146744290369e-06,0.5263157894736842,5.813146744290369e-06,0.5263157894736842,5.8786096556755485e-06,0.5,0.9348470165723153,2.4299053115834593e-69,0.3350517333577071,2.4505444031500008e-05,-0.045866775947541245,0.08188195504472144,0.5032097565232792,0.21159071080977754,PASS
0.07,5,2025-08-21,77.0,0.0003834186326017343,0.56,0.0006246682495488901,0.5066666666666667,0.00038237767562819807,0.52,0.0006840417776355017,0.6133333333333333,0.0005377981974266972,0.6666666666666666,0.0006056210361598432,0.68,4.10639114526096e-06,0.5466666666666666,4.10639114526096e-06,0.5466666666666666,4.245466440209427e-06,0.4533333333333333,0.6669309639092771,6.460214379845194e-11,0.1667619777350196,0.15272301846332048,-0.046487107794774954,0.021590235382207546,0.5171723600864141,0.1826843290819586,PASS
0.07,5,ALL,128.33333333333334,0.0006330484333979559,0.5692251461988305,0.0022540572563773823,0.5111111111111112,0.0006418747551006722,0.5493713450292398,0.000745689856397039,0.637704678362573,0.0006617203209294386,0.6905701754385966,0.0006577944222303365,0.6686111111111112,8.110025770142927e-06,0.5112280701754387,8.110025770142927e-06,0.5112280701754387,8.371349641941217e-06,0.4785930056930405,0.7642132427949789,2.8608480910143676e-05,0.2553076615381101,0.19554968910597922,-0.047817364325910404,0.06261892503278609,0.4266410749092029,0.2126631897339736,PASS
0.07,15,2025-08-14,26.0,0.0008584143328973198,0.7083333333333334,0.0008236537095636174,0.625,0.0008584143328973198,0.7083333333333334,0.0007447995803303888,0.5833333333333334,0.000759356761935477,0.6666666666666666,0.0007447995803303888,0.5833333333333334,1.3462632498721303e-05,0.625,1.3462632498721303e-05,0.625,1.3462632498721303e-05,0.625,0.16114315798565593,0.4519122538829332,0.4121639415184703,0.04535264088127845,-0.04729041198251517,0.01982238337419122,0.34282251823894644,0.21486064900876303,MARGINAL
0.07,15,2025-08-15,52.0,0.0013756929622469327,0.68,0.0029526309519928027,0.54,0.0013926306808762043,0.68,0.0009416406360826203,0.54,0.0007312089947203731,0.74,0.0009228155778083941,0.56,1.9105419243584118e-05,0.56,1.9105419243584118e-05,0.56,1.9209137780600973e-05,0.54,0.743621969417421,6.150802445857027e-10,0.07937005364652742,0.5837595450911668,-0.04938361074712808,0.07173830842501014,0.37592215652940053,0.20430763197369006,PASS
0.07,15,2025-08-18,52.0,0.0009060409623786616,0.7,0.005207435548138575,0.52,0.0009230251537952375,0.64,0.000635456729142286,0.5,0.0006665739769050346,0.8,0.000598321994165724,0.68,8.976834024642128e-06,0.46,8.976834024642128e-06,0.46,9.05248059862091e-06,0.48,0.8983075271473167,9.105567558624633e-19,0.4516508214923426,0.0009935793276239385,-0.050729313018561505,0.12427249938789019,0.4001710381954991,0.20016678700577162,MARGINAL
0.07,15,2025-08-19,52.0,0.0010489714976230915,0.52,0.001680337291531893,0.44,0.0011729420291286994,0.52,0.0007292227012538223,0.58,0.0007915353149519888,0.68,0.0006817475315977526,0.58,1.876320980587657e-05,0.48,1.876320980587657e-05,0.48,2.0030339866546666e-05,0.4,0.31697563402298007,0.02490658164903055,0.3925484710498755,0.004807123407434371,-0.047317753575376126,0.05123275054824818,0.43683799241607385,0.2785794927609493,FAIL
0.07,15,2025-08-20,52.0,0.000708621602972392,0.52,0.0024687180320723027,0.46,0.0007155732098197715,0.52,0.0007046280827589806,0.7,0.0006178587841834093,0.7,0.0006376162999327559,0.72,8.670455601682759e-06,0.42,8.670455601682759e-06,0.42,8.739710994577226e-06,0.42,0.8960332643012842,1.5079746121220426e-18,0.20869901360166254,0.14581601842186437,-0.045928242236331934,0.08185526867353168,0.5106569390106963,0.1947500559750529,PASS
0.07,15,2025-08-21,26.0,0.0005683171850858778,0.4583333333333333,0.0007093737379949166,0.5,0.0005683171850858778,0.4583333333333333,0.0007757952898139937,0.7083333333333334,0.0005803808441477488,0.7916666666666666,0.0007757952898139937,0.7083333333333334,5.115956519270522e-06,0.3333333333333333,5.115956519270522e-06,0.3333333333333333,5.115956519270522e-06,0.3333333333333333,0.45303488256718905,0.026205333979021604,-0.0784379557214884,0.7156231771258409,-0.04646359215392088,0.020950188194363274,0.5017231185926105,0.1788956335241266,PASS
0.07,15,ALL,43.333333333333336,0.0009110097572007126,0.5977777777777779,0.002307024878549018,0.5141666666666667,0.0009384837652671851,0.5877777777777778,0.0007552571698970154,0.6019444444444445,0.000691152446140672,0.7297222222222223,0.0007268493789415014,0.6386111111111112,1.2349084615629566e-05,0.4797222222222222,1.2349084615629566e-05,0.4797222222222222,1.2601709709722935e-05,0.4663888888888889,0.5781860725736411,0.0838373616876776,0.24433239093123163,0.24939201404253483,-0.047852153952305625,0.061645233100539105,0.4280222938305378,0.21192670837472558,PASS
0.07,30,2025-08-15,26.0,0.0014237981259699506,0.5416666666666666,0.0030794110056941017,0.4583333333333333,0.0014237981259699506,0.5416666666666666,0.0008250079889742619,0.625,0.0007151047550021981,0.7916666666666666,0.0008250079889742619,0.625,2.4698850429978212e-05,0.4583333333333333,2.4698850429978212e-05,0.4583333333333333,2.4698850429978212e-05,0.4583333333333333,0.8430622365972108,2.3269049790284461e-07,0.07544325347666424,0.7260651522603372,-0.049586251554136346,0.07012075356998342,0.37793442069885685,0.18378857397375617,PASS
0.07,30,2025-08-18,26.0,0.0012465508393353843,0.4583333333333333,0.005216174633333647,0.5416666666666666,0.0012465508393353843,0.4583333333333333,0.0007248372538414777,0.6666666666666666,0.0007305922540230483,0.7083333333333334,0.0007248372538414777,0.6666666666666666,1.166740886604556e-05,0.5416666666666666,1.166740886604556e-05,0.5416666666666666,1.166740886604556e-05,0.5416666666666666,0.7649133969809585,1.3414804415572287e-05,0.3267514360049265,0.11913226062730009,-0.050689738990616975,0.1230257258602985,0.3980949705027657,0.20269705751851544,MARGINAL
0.07,30,2025-08-19,26.0,0.001139028446080916,0.4583333333333333,0.0017301297619498326,0.4583333333333333,0.001139028446080916,0.4583333333333333,0.0007981177249279822,0.5833333333333334,0.0008410603245362056,0.6666666666666666,0.0007981177249279822,0.5833333333333334,2.152511605095445e-05,0.5833333333333334,2.152511605095445e-05,0.5833333333333334,2.152511605095445e-05,0.5833333333333334,0.5128684043595458,0.010384404447979476,0.4517900854137796,0.026671729312592533,-0.04733317402620538,0.048017325855767304,0.4359387901045488,0.3009140346749875,FAIL
0.07,30,2025-08-20,26.0,0.0009589999212429383,0.625,0.002569444551216749,0.4166666666666667,0.0009589999212429383,0.625,0.0006496239783543688,0.5833333333333334,0.0005767534753609927,0.875,0.0006496239783543688,0.5833333333333334,1.1193690689524486e-05,0.3333333333333333,1.1193690689524486e-05,0.3333333333333333,1.1193690689524486e-05,0.3333333333333333,0.795997206940529,3.298381218902498e-06,0.14498273089133393,0.49908132035328434,-0.04592193109978926,0.08373519353697724,0.5063026050056553,0.17649648231769682,PASS
0.07,30,ALL,26.0,0.0011920943331572974,0.5208333333333333,0.003148789988048583,0.46875,0.0011920943331572974,0.5208333333333333,0.0007493967365245226,0.6145833333333334,0.0007158777022306111,0.7604166666666666,0.0007493967365245226,0.6145833333333334,1.7271266509125676e-05,0.4791666666666667,1.7271266509125676e-05,0.4791666666666667,1.7271266509125676e-05,0.4791666666666667,0.729210311219561,0.0026003375810279635,0.2497418764466761,0.34273761563837857,-0.048382773917686986,0.0812247497057566,0.4295676965779567,0.21597403712123897,MARGINAL
0.1,1,2025-08-14,381.0,0.00034538513487685207,0.5910290237467019,0.0006374731156761498,0.5699208443271768,0.00034634798871385704,0.6147757255936676,0.0007481068113803819,0.5778364116094987,0.0006990889177545585,0.6569920844327177,0.00062198634327819,0.6701846965699209,5.4010970900706985e-06,0.506631299734748,5.4010970900706985e-06,0.506631299734748,5.401534675519522e-06,0.5211640211640212,0.7598255974702284,1.7070428423285933e-72,0.3882812058795203,4.366363890036447e-15,-0.05337883432312129,0.017574557374352855,0.4445243892466185,0.20080672397921587,PASS
0.1,1,2025-08-15,762.0,0.0008018948980504509,0.6044973544973545,0.002827397540782027,0.5369393139841688,0.0008046162670160615,0.6055408970976254,0.0007041376527815932,0.5947368421052631,0.0006874190197791711,0.6236842105263158,0.000612407073235142,0.6368421052631579,6.385035299876263e-06,0.526595744680851,6.385035299876263e-06,0.526595744680851,6.437585321054419e-06,0.5152317880794702,0.9178272523435401,2.3212884004065515e-306,0.45381273037808234,7.015764327178969e-40,-0.05550742690965326,0.07283424604401519,0.4601508746874732,0.20405684499870308,MARGINAL
0.1,1,2025-08-18,762.0,0.0003039643511748446,0.6097883597883598,0.004966869434889187,0.5065963060686016,0.00030372082843453907,0.6015831134564644,0.00044443345962964217,0.5593667546174143,0.0006554684393875245,0.5942028985507246,0.00041472240432661534,0.6007905138339921,2.8255346382210557e-06,0.5200534759358288,2.8255346382210557e-06,0.5200534759358288,2.841005462632091e-06,0.5092838196286472,0.9893555232774326,0.0,0.7129756844955888,5.63928644270151e-119,-0.05679229809232117,0.11982917280304163,0.49825222990420187,0.206566514001902,FAIL
0.1,1,2025-08-19,762.0,0.00030262433852726225,0.6153846153846154,0.0014390255289568484,0.4966974900924703,0.0003041693674620334,0.6150793650793651,0.00047294368971799553,0.5915119363395226,0.0007791626562574608,0.6129458388375165,0.00043643633348628157,0.6150793650793651,5.286916272180517e-06,0.5297297297297298,5.286916272180517e-06,0.5297297297297298,5.400682837444538e-06,0.5040106951871658,0.929259665400757,0.0,0.7953188190934541,6.0156018945330235e-167,-0.05308225250325779,0.051606175702910685,0.546097576433352,0.2795801997067386,FAIL
0.1,1,2025-08-20,762.0,0.00024101803651326752,0.5963060686015831,0.0022365192313869033,0.5098814229249012,0.0002432910087426323,0.5915678524374176,0.0005573604909120119,0.600263852242744,0.0006300994168406182,0.6060606060606061,0.0004987534652796831,0.5849802371541502,3.209266234492711e-06,0.5190217391304348,3.209266234492711e-06,0.5190217391304348,3.255176287976034e-06,0.5160857908847185,0.9792940700791403,0.0,0.574138022356409,7.480257506473104e-68,-0.05151067465778116,0.08036721067660957,0.6386688446011759,0.21262718502331998,FAIL
0.1,1,2025-08-21,381.0,0.00022377572976431956,0.5809018567639257,0.000576648389195884,0.5661375661375662,0.00022436639269440454,0.5873015873015873,0.0005185874895014954,0.6068601583113457,0.0005454236749043022,0.6015831134564644,0.00045948929960763557,0.6253298153034301,2.6746466136975547e-06,0.5444743935309974,2.6746466136975547e-06,0.5444743935309974,2.7064617918436485e-06,0.5267379679144385,0.8721353588136295,4.2714070156044914e-119,0.5618626132276862,6.406474494821364e-33,-0.0520982925011734,0.02176270018206444,0.655172457972153,0.18321044782588558,FAIL
0.1,1,ALL,635.0,0.0003697770814844995,0.5996512131304234,0.002113988873481167,0.5310288239224809,0.0003710853088439213,0.6026414234943546,0.0005742615989871866,0.5884293258709646,0.0006661103541539393,0.6159114586440575,0.000507299153202258,0.6222011222006693,4.2970826914231335e-06,0.5244177304570982,4.2970826914231335e-06,0.5244177304570982,4.340407729411708e-06,0.5154190138097435,0.9079495778974547,2.8450714038809885e-73,0.5810648459051234,7.277273150060745e-16,-0.05372829649788469,0.06066234379716573,0.5404777288074958,0.21447465258929418,FAIL
0.1,5,2025-08-14,77.0,0.0006589558261878565,0.5066666666666667,0.000750623614718864,0.56,0.0006634473522251893,0.49333333333333335,0.0008847447162686453,0.68,0.0006765579482378212,0.7333333333333333,0.0007815805851747135,0.7066666666666667,9.773261878867337e-06,0.5066666666666667,9.773261878867337e-06,0.5066666666666667,9.664683823193392e-06,0.5466666666666666,0.4206275111434492,0.0001716508208587124,0.01730783728825585,0.8828291487803657,-0.05328118292016288,0.01873559662538806,0.4397064802746193,0.19278257470095542,PASS
0.1,5,2025-08-15,154.0,0.0011332716282288157,0.6842105263157895,0.0029213310849946377,0.5526315789473685,0.0011597242695234032,0.6644736842105263,0.0008986247756992903,0.631578947368421,0.0006931204174143266,0.7105263157894737,0.0007351733168356686,0.7171052631578947,1.2110699230949142e-05,0.46710526315789475,1.2110699230949142e-05,0.46710526315789475,1.2407186357577846e-05,0.4605263157894737,0.8411090013638534,7.08850069483395e-42,0.12690381233162945,0.1192414215497308,-0.05537768200634197,0.07419730912026638,0.46319740691019756,0.20251357876125226,PASS
0.1,5,2025-08-18,154.0,0.0005783229963604953,0.5526315789473685,0.004969318955246165,0.506578947368421,0.0005842601357837385,0.5328947368421053,0.0006412099063393464,0.625,0.0006311081177635386,0.7105263157894737,0.0005889202541266166,0.6776315789473685,5.38751361975479e-06,0.45394736842105265,5.38751361975479e-06,0.45394736842105265,5.506933114860976e-06,0.4342105263157895,0.9515212800455459,1.0685299749092518e-78,0.32095799469794284,5.540757933164315e-05,-0.05675236094308866,0.11955572258220806,0.49464363748209295,0.20456263512537345,MARGINAL
0.1,5,2025-08-19,154.0,0.0006276769582303912,0.5197368421052632,0.0015161452229357471,0.4276315789473684,0.0006430718942501869,0.506578947368421,0.0006784502542830631,0.6710526315789473,0.000779185514369473,0.631578947368421,0.0006231583459308048,0.6118421052631579,1.1469142001734964e-05,0.5666666666666667,1.1469142001734964e-05,0.5666666666666667,1.2525218460130112e-05,0.4768211920529801,0.7451529959845307,3.524873377573102e-28,0.5446148251340308,4.078302283005532e-13,-0.05307043001338478,0.051134765805902045,0.5445682091945528,0.2798493477141025,FAIL
0.1,5,2025-08-20,154.0,0.00041664455877844195,0.5921052631578947,0.00226547960193644,0.506578947368421,0.00041836720319331737,0.5789473684210527,0.0006870677081563875,0.6052631578947368,0.000640158254089523,0.6776315789473685,0.0006123129951543719,0.618421052631579,5.813146744290369e-06,0.5263157894736842,5.813146744290369e-06,0.5263157894736842,5.8786096556755485e-06,0.5,0.9313135233199124,1.1167098966401532e-67,0.33380594980492806,2.6380608941826835e-05,-0.05153228857942422,0.0800469842966958,0.63551205878051,0.21247045278259022,PASS
0.1,5,2025-08-21,77.0,0.0003834186326017343,0.56,0.0006246682495488912,0.5066666666666667,0.00038237767562819807,0.52,0.0006840417776355017,0.6133333333333333,0.0005377981974266972,0.6666666666666666,0.0006056210361598432,0.68,4.10639114526096e-06,0.5466666666666666,4.10639114526096e-06,0.5466666666666666,4.245466440209427e-06,0.4533333333333333,0.6669309639092766,6.460214379845444e-11,0.1667619777350197,0.1527230184633207,-0.05213250740923522,0.021590235382207557,0.6504104029116105,0.18268432908195859,PASS
0.1,5,ALL,128.33333333333334,0.0006330484333979559,0.5692251461988305,0.0021745944548967906,0.510014619883041,0.0006418747551006722,0.5493713450292398,0.000745689856397039,0.637704678362573,0.0006596547415502299,0.6883771929824561,0.0006577944222303365,0.6686111111111112,8.110025770142927e-06,0.5112280701754387,8.110025770142927e-06,0.5112280701754387,8.371349641941217e-06,0.4785930056930405,0.7594425459610946,2.8608480910142703e-05,0.25172539949863443,0.19247922949701643,-0.05369107531193962,0.06087676896877798,0.5380063659255971,0.21247715302770542,PASS
0.1,15,2025-08-14,26.0,0.0008584143328973198,0.7083333333333334,0.000823653709563618,0.625,0.0008584143328973198,0.7083333333333334,0.0007447995803303888,0.5833333333333334,0.0007593567619354769,0.6666666666666666,0.0007447995803303888,0.5833333333333334,1.3462632498721303e-05,0.625,1.3462632498721303e-05,0.625,1.3462632498721303e-05,0.625,0.16114315798565662,0.4519122538829309,0.41216394151847024,0.04535264088127845,-0.053246239617551296,0.019822383374191215,0.4346113163319271,0.21486064900876306,MARGINAL
0.1,15,2025-08-15,52.0,0.0013756929622469327,0.68,0.002868135196610542,0.54,0.0013926306808762043,0.68,0.0009416406360826203,0.54,0.000735331562182336,0.74,0.0009228155778083941,0.56,1.9105419243584118e-05,0.56,1.9105419243584118e-05,0.56,1.9209137780600973e-05,0.54,0.7316170992286632,1.5866585662969072e-09,0.08831646957574395,0.5419345582749423,-0.055484494229953704,0.0698858125923107,0.4748593448289612,0.20613907135904805,PASS
0.1,15,2025-08-18,52.0,0.0009060409623786616,0.7,0.004944434587366373,0.52,0.0009230251537952375,0.64,0.000635456729142286,0.5,0.0006495099883033066,0.8,0.000598321994165724,0.68,8.976834024642128e-06,0.46,8.976834024642128e-06,0.46,9.05248059862091e-06,0.48,0.8928636702374856,2.988378386620359e-18,0.42880366087573063,0.00188988002731352,-0.05677728533770576,0.11911836329048148,0.5013027426103488,0.19427525575924917,MARGINAL
0.1,15,2025-08-19,52.0,0.0010489714976230915,0.52,0.001641437266111722,0.44,0.0011729420291286994,0.52,0.0007292227012538223,0.58,0.000796339651529955,0.68,0.0006817475315977526,0.58,1.876320980587657e-05,0.48,1.876320980587657e-05,0.48,2.0030339866546666e-05,0.4,0.29105177272380045,0.04030382231580672,0.3952228482276577,0.004502649026587384,-0.05316606379591428,0.04961714482885206,0.5519612484132406,0.2812539008489846,FAIL
0.1,15,2025-08-20,52.0,0.000708621602972392,0.52,0.0024013531698382664,0.46,0.0007155732098197715,0.52,0.0007046280827589806,0.7,0.0006179424270585325,0.7,0.0006376162999327559,0.72,8.670455601682759e-06,0.42,8.670455601682759e-06,0.42,8.739710994577226e-06,0.42,0.8920763483946026,3.530046589907191e-18,0.2088049152079598,0.14560701773289886,-0.05160131035986464,0.08001077275472263,0.6448857010093778,0.19547300448801408,PASS
0.1,15,2025-08-21,26.0,0.0005683171850858778,0.4583333333333333,0.0007093737379949186,0.5,0.0005683171850858778,0.4583333333333333,0.0007757952898139937,0.7083333333333334,0.0005803808441477488,0.7916666666666666,0.0007757952898139937,0.7083333333333334,5.115956519270522e-06,0.3333333333333333,5.115956519270522e-06,0.3333333333333333,5.115956519270522e-06,0.3333333333333333,0.45303488256719016,0.026205333979021205,-0.07843795572148829,0.7156231771258422,-0.05210613602630319,0.020950188194363284,0.6309810053641767,0.1788956335241266,PASS
0.1,15,ALL,43.333333333333336,0.0009110097572007126,0.5977777777777779,0.0022313979445809065,0.5141666666666667,0.0009384837652671851,0.5877777777777778,0.0007552571698970154,0.6019444444444445,0.0006898102058595593,0.7297222222222223,0.0007268493789415014,0.6386111111111112,1.2349084615629566e-05,0.4797222222222222,1.2349084615629566e-05,0.4797222222222222,1.2601709709722935e-05,0.4663888888888889,0.5702978218562331,0.0864035686274029,0.24247897994734569,0.2424849871781438,-0.05373025489454882,0.05990077750582023,0.5397668930930054,0.2118162524980309,PASS
0.1,30,2025-08-15,26.0,0.0014237981259699506,0.5416666666666666,0.0029973029909574032,0.4583333333333333,0.0014237981259699506,0.5416666666666666,0.0008250079889742619,0.625,0.0007197760004008327,0.7916666666666666,0.0008250079889742619,0.625,2.4698850429978212e-05,0.4583333333333333,2.4698850429978212e-05,0.4583333333333333,2.4698850429978212e-05,0.4583333333333333,0.8361986903081842,3.602504844514786e-07,0.07941564432099571,0.7122247383990465,-0.05571221570323495,0.06824073766535195,0.477370629085945,0.1855971911100354,PASS
0.1,30,2025-08-18,26.0,0.0012465508393353843,0.4583333333333333,0.004958094373879694,0.5416666666666666,0.0012465508393353843,0.4583333333333333,0.0007248372538414777,0.6666666666666666,0.0007107488732764577,0.6666666666666666,0.0007248372538414777,0.6666666666666666,1.166740886604556e-05,0.5416666666666666,1.166740886604556e-05,0.5416666666666666,1.166740886604556e-05,0.5416666666666666,0.7542447420881464,2.0699760547205275e-05,0.2979512066914628,0.1573350763485104,-0.05673337432012053,0.1178759224906808,0.4986825366924321,0.1966466204447026,MARGINAL
0.1,30,2025-08-19,26.0,0.001139028446080916,0.4583333333333333,0.0016767514526499377,0.4583333333333333,0.001139028446080916,0.4583333333333333,0.0007981177249279822,0.5833333333333334,0.0008467652782609387,0.6666666666666666,0.0007981177249279822,0.5833333333333334,2.152511605095445e-05,0.5833333333333334,2.152511605095445e-05,0.5833333333333334,2.152511605095445e-05,0.5833333333333334,0.49129884440031923,0.014766719030381348,0.45624929565870687,0.025031208041932197,-0.053183679774151435,0.046406852488383415,0.5509065121772591,0.30381065595758183,FAIL
0.1,30,2025-08-20,26.0,0.0009589999212429383,0.625,0.0025042095239384086,0.4166666666666667,0.0009589999212429383,0.625,0.0006496239783543688,0.5833333333333334,0.0005784994516504937,0.875,0.0006496239783543688,0.5833333333333334,1.1193690689524486e-05,0.3333333333333333,1.1193690689524486e-05,0.3333333333333333,1.1193690689524486e-05,0.3333333333333333,0.7855319660647468,5.425385848215156e-06,0.14061870493916812,0.5122221834074281,-0.051593976680606175,0.08187203238997735,0.639312144781014,0.17663252710224087,PASS
0.1,30,ALL,26.0,0.0011920943331572974,0.5208333333333333,0.003034089585356361,0.46875,0.0011920943331572974,0.5208333333333333,0.0007493967365245226,0.6145833333333334,0.0007139474008971807,0.75,0.0007493967365245226,0.6145833333333334,1.7271266509125676e-05,0.4791666666666667,1.7271266509125676e-05,0.4791666666666667,1.7271266509125676e-05,0.4791666666666667,0.7168185607153492,0.0036983011068153046,0.24355871290258335,0.3517033015492293,-0.05430581161952827,0.07859888625859837,0.5415679556841626,0.21567174865364017,MARGINAL
0.15,1,2025-08-14,381.0,0.00034538513487685207,0.5910290237467019,0.0006374731156761497,0.5699208443271768,0.00034634798871385704,0.6147757255936676,0.0007481068113803819,0.5778364116094987,0.0006990889177545584,0.6569920844327177,0.00062198634327819,0.6701846965699209,5.4010970900706985e-06,0.506631299734748,5.4010970900706985e-06,0.506631299734748,5.401534675519522e-06,0.5211640211640212,0.7598255974702289,1.7070428423278103e-72,0.38828120587952025,4.366363890036447e-15,-0.0650472329406155,0.017574557374352852,0.6601081220213495,0.20080672397921584,PASS
0.15,1,2025-08-15,762.0,0.0008018948980504509,0.6044973544973545,0.0026769149181958742,0.5369393139841688,0.0008046162670160615,0.6055408970976254,0.0007041376527815932,0.5947368421052631,0.0006940402956820405,0.6210526315789474,0.000612407073235142,0.6368421052631579,6.385035299876263e-06,0.526595744680851,6.385035299876263e-06,0.526595744680851,6.437585321054419e-06,0.5152317880794702,0.9094438588373144,4.351778320230642e-291,0.4596476783801513,5.395455495392163e-41,-0.0674008249135136,0.06976441453028903,0.679112094355601,0.2065746365185031,MARGINAL
0.15,1,2025-08-18,762.0,0.0003039643511748446,0.6097883597883598,0.0045266095460626985,0.5065963060686016,0.00030372082843453907,0.6015831134564644,0.00044443345962964217,0.5593667546174143,0.0006220629801486307,0.5981554677206851,0.00041472240432661534,0.6007905138339921,2.8255346382210557e-06,0.5200534759358288,2.8255346382210557e-06,0.5200534759358288,2.841005462632091e-06,0.5092838196286472,0.9880050090716626,0.0,0.6948525782934972,1.2292452850120517e-110,-0.06852378850045789,0.11128165245688112,0.7254329834358733,0.1976697092561777,FAIL
0.15,1,2025-08-19,762.0,0.00030262433852726225,0.6153846153846154,0.0013518867859796508,0.4966974900924703,0.0003041693674620334,0.6150793650793651,0.00047294368971799553,0.5915119363395226,0.0007885639045273277,0.6116248348745046,0.00043643633348628157,0.6150793650793651,5.286916272180517e-06,0.5297297297297298,5.286916272180517e-06,0.5297297297297298,5.400682837444538e-06,0.5040106951871658,0.9206844914058137,6.085678165736e-312,0.7986427286151928,2.4379152234609524e-169,-0.06446162349917892,0.04896172570224121,0.8064340619072254,0.28388221644901646,FAIL
0.15,1,2025-08-20,762.0,0.00024101803651326752,0.5963060686015831,0.0021232081783975386,0.5098814229249012,0.0002432910087426323,0.5915678524374176,0.0005573604909120119,0.600263852242744,0.0006335717309882004,0.6100131752305665,0.0004987534652796831,0.5849802371541502,3.209266234492711e-06,0.5190217391304348,3.209266234492711e-06,0.5190217391304348,3.255176287976034e-06,0.5160857908847185,0.9771536406528153,0.0,0.572347269761714,2.3910643381856712e-67,-0.06254648016522961,0.07733219257126714,0.9423946752340486,0.214171110580733,FAIL
0.15,1,2025-08-21,381.0,0.00022377572976431956,0.5809018567639257,0.0005766483891958844,0.5661375661375662,0.00022436639269440454,0.5873015873015873,0.0005185874895014954,0.6068601583113457,0.0005454236749043022,0.6015831134564644,0.00045948929960763557,0.6253298153034301,2.6746466136975547e-06,0.5444743935309974,2.6746466136975547e-06,0.5444743935309974,2.7064617918436485e-06,0.5267379679144385,0.8721353588136301,4.2714070156017475e-119,0.561862613227686,6.406474494821364e-33,-0.06306430785207119,0.021762700182064446,0.9600103606847071,0.18321044782588555,FAIL
0.15,1,ALL,635.0,0.0003697770814844995,0.5996512131304234,0.001982123488917966,0.5310288239224809,0.0003710853088439213,0.6026414234943546,0.0005742615989871866,0.5884293258709646,0.0006637919173341766,0.6165702178823143,0.000507299153202258,0.6222011222006693,4.2970826914231335e-06,0.5244177304570982,4.2970826914231335e-06,0.5244177304570982,4.340407729411708e-06,0.5154190138097435,0.9045413260419108,2.845071403879684e-73,0.5792723456929603,7.277273150060745e-16,-0.06517404297851112,0.05777954046951597,0.7955820496064675,0.21438580743492194,FAIL
0.15,5,2025-08-14,77.0,0.0006589558261878565,0.5066666666666667,0.0007506236147188642,0.56,0.0006634473522251893,0.49333333333333335,0.0008847447162686453,0.68,0.0006765579482378212,0.7333333333333333,0.0007815805851747135,0.7066666666666667,9.773261878867337e-06,0.5066666666666667,9.773261878867337e-06,0.5066666666666667,9.664683823193392e-06,0.5466666666666666,0.4206275111434472,0.00017165082085872564,0.01730783728825618,0.8828291487803629,-0.06492823533349724,0.01873559662538805,0.6529536420411478,0.1927825747009554,PASS
0.15,5,2025-08-15,154.0,0.0011332716282288157,0.6842105263157895,0.002774032296316441,0.5526315789473685,0.0011597242695234032,0.6644736842105263,0.0008986247756992903,0.631578947368421,0.0006990777470054538,0.7171052631578947,0.0007351733168356686,0.7171052631578947,1.2110699230949142e-05,0.46710526315789475,1.2110699230949142e-05,0.46710526315789475,1.2407186357577846e-05,0.4605263157894737,0.8258815676146603,3.704524430768036e-39,0.1350736195624124,0.09708252968841277,-0.06724303791308306,0.07113709642373557,0.68361464010398,0.20502798083812593,PASS
0.15,5,2025-08-18,154.0,0.0005783229963604953,0.5526315789473685,0.004531442263022929,0.506578947368421,0.0005842601357837385,0.5328947368421053,0.0006412099063393464,0.625,0.0005969376201213905,0.7236842105263158,0.0005889202541266166,0.6776315789473685,5.38751361975479e-06,0.45394736842105265,5.38751361975479e-06,0.45394736842105265,5.506933114860976e-06,0.4342105263157895,0.9459982431112486,2.8393595748223976e-75,0.2773779208821568,0.0005408662173716669,-0.06847562199287628,0.11098503499940283,0.720188393662344,0.1955318368224523,PASS
0.15,5,2025-08-19,154.0,0.0006276769582303912,0.5197368421052632,0.0014311002283652684,0.4276315789473684,0.0006430718942501869,0.506578947368421,0.0006784502542830631,0.6710526315789473,0.0007881696006007705,0.618421052631579,0.0006231583459308048,0.6118421052631579,1.1469142001734964e-05,0.5666666666666667,1.1469142001734964e-05,0.5666666666666667,1.2525218460130112e-05,0.4768211920529801,0.7182507916371241,2.1156660382678936e-25,0.550336658782687,2.0639873652897305e-13,-0.06444734949901176,0.04849346997097358,0.8041573195004117,0.284136316387376,FAIL
0.15,5,2025-08-20,154.0,0.00041664455877844195,0.5921052631578947,0.002153007763763336,0.506578947368421,0.00041836720319331737,0.5789473684210527,0.0006870677081563875,0.6052631578947368,0.0006437012123100532,0.6776315789473685,0.0006123129951543719,0.618421052631579,5.813146744290369e-06,0.5263157894736842,5.813146744290369e-06,0.5263157894736842,5.8786096556755485e-06,0.5,0.924739936811177,8.25878289052674e-65,0.3323250263302987,2.8785383050973434e-05,-0.06257275955821433,0.07700496188301063,0.9377717556296883,0.2141007022330248,PASS
0.15,5,2025-08-21,77.0,0.0003834186326017343,0.56,0.0006246682495488915,0.5066666666666667,0.00038237767562819807,0.52,0.0006840417776355017,0.6133333333333333,0.0005377981974266972,0.6666666666666666,0.0006056210361598432,0.68,4.10639114526096e-06,0.5466666666666666,4.10639114526096e-06,0.5466666666666666,4.245466440209427e-06,0.4533333333333333,0.6669309639092766,6.460214379845444e-11,0.16676197773501966,0.1527230184633207,-0.06310572455483728,0.021590235382207543,0.9530326220135463,0.18268432908195859,PASS
0.15,5,ALL,128.33333333333334,0.0006330484333979559,0.5692251461988305,0.0020441457359559553,0.510014619883041,0.0006418747551006722,0.5493713450292398,0.000745689856397039,0.637704678362573,0.000657040387617031,0.6894736842105263,0.0006577944222303365,0.6686111111111112,8.110025770142927e-06,0.5112280701754387,8.110025770142927e-06,0.5112280701754387,8.371349641941217e-06,0.4785930056930405,0.7504048357044889,2.860848091014491e-05,0.24653050676347177,0.18886739142212092,-0.06512878814191998,0.057991065880786376,0.7919530621585196,0.21237729001064884,PASS
0.15,15,2025-08-14,26.0,0.0008584143328973198,0.7083333333333334,0.0008236537095636166,0.625,0.0008584143328973198,0.7083333333333334,0.0007447995803303888,0.5833333333333334,0.0007593567619354769,0.6666666666666666,0.0007447995803303888,0.5833333333333334,1.3462632498721303e-05,0.625,1.3462632498721303e-05,0.625,1.3462632498721303e-05,0.625,0.1611431579856538,0.4519122538829393,0.4121639415184704,0.04535264088127845,-0.06488565356539547,0.019822383374191222,0.6453874450383206,0.21486064900876303,MARGINAL
0.15,15,2025-08-15,52.0,0.0013756929622469327,0.68,0.0027295266854286317,0.54,0.0013926306808762043,0.68,0.0009416406360826203,0.54,0.0007425395203514267,0.74,0.0009228155778083941,0.56,1.9105419243584118e-05,0.56,1.9105419243584118e-05,0.56,1.9209137780600973e-05,0.54,0.7099061787367119,7.79713757891301e-09,0.10343337839745725,0.4747287407733143,-0.06737365972265447,0.06681550805725016,0.7009581446656993,0.20932480725938726,PASS
0.15,15,2025-08-18,52.0,0.0009060409623786616,0.7,0.004513659957206546,0.52,0.0009230251537952375,0.64,0.000635456729142286,0.5,0.0006166871268221888,0.8,0.000598321994165724,0.68,8.976834024642128e-06,0.46,8.976834024642128e-06,0.46,9.05248059862091e-06,0.48,0.8819800528435453,2.6843682800747656e-17,0.38244011168290254,0.0061269230429754715,-0.06850589634080781,0.11053962957529527,0.7299616344136497,0.185390529897667,MARGINAL
0.15,15,2025-08-19,52.0,0.0010489714976230915,0.52,0.001577416233061518,0.44,0.0011729420291286994,0.52,0.0007292227012538223,0.58,0.0008061585387117718,0.68,0.0006817475315977526,0.58,1.876320980587657e-05,0.48,1.876320980587657e-05,0.48,2.0030339866546666e-05,0.4,0.2467487140060537,0.08408345098440696,0.40118173809165597,0.0038843583335083716,-0.06456379110827351,0.046989791899480916,0.8151494774909889,0.2857699242504301,FAIL
0.15,15,2025-08-20,52.0,0.000708621602972392,0.52,0.002290334535201424,0.46,0.0007155732098197715,0.52,0.0007046280827589806,0.7,0.0006184249587363912,0.7,0.0006376162999327559,0.72,8.670455601682759e-06,0.42,8.670455601682759e-06,0.42,8.739710994577226e-06,0.42,0.8847662670253188,1.56293706361185e-17,0.20747917255772808,0.1482394738766042,-0.06265649414059814,0.07695184301504181,0.9515261509182882,0.19685884838401602,PASS
0.15,15,2025-08-21,26.0,0.0005683171850858778,0.4583333333333333,0.0007093737379949191,0.5,0.0005683171850858778,0.4583333333333333,0.0007757952898139937,0.7083333333333334,0.0005803808441477488,0.7916666666666666,0.0007757952898139937,0.7083333333333334,5.115956519270522e-06,0.3333333333333333,5.115956519270522e-06,0.3333333333333333,5.115956519270522e-06,0.3333333333333333,0.4530348825671905,0.026205333979021028,-0.07843795572148844,0.7156231771258409,-0.06307380233758471,0.02095018819436329,0.9245631362767217,0.17889563352412657,PASS
0.15,15,ALL,43.333333333333336,0.0009110097572007126,0.5977777777777779,0.0021073274764094427,0.5141666666666667,0.0009384837652671851,0.5877777777777778,0.0007552571698970154,0.6019444444444445,0.000687257958450834,0.7297222222222223,0.0007268493789415014,0.6386111111111112,1.2349084615629566e-05,0.4797222222222222,1.2349084615629566e-05,0.4797222222222222,1.2601709709722935e-05,0.4663888888888889,0.5562632088607457,0.09370017444058415,0.2380433977544543,0.23232588567225362,-0.06517654953588568,0.05701155735260377,0.7945909981339446,0.21185006538739828,PASS
0.15,30,2025-08-15,26.0,0.0014237981259699506,0.5416666666666666,0.0028628210088182315,0.4583333333333333,0.0014237981259699506,0.5416666666666666,0.0008250079889742619,0.625,0.0007280858948528019,0.7916666666666666,0.0008250079889742619,0.625,2.4698850429978212e-05,0.4583333333333333,2.4698850429978212e-05,0.4583333333333333,2.4698850429978212e-05,0.4583333333333333,0.8236824630869266,7.612145807330324e-07,0.08663116223473558,0.6873115237111715,-0.06765027085146773,0.0651215180106387,0.7045900014886839,0.18876135265026664,PASS
0.15,30,2025-08-18,26.0,0.0012465508393353843,0.4583333333333333,0.004535847526421149,0.5416666666666666,0.0012465508393353843,0.4583333333333333,0.0007248372538414777,0.6666666666666666,0.0006817057349923032,0.6666666666666666,0.0007248372538414777,0.6666666666666666,1.166740886604556e-05,0.5416666666666666,1.166740886604556e-05,0.5416666666666666,1.166740886604556e-05,0.5416666666666666,0.7335822126638087,4.523803987499592e-05,0.24375198667395498,0.25104884616710393,-0.068453682049815,0.10930612759115493,0.726098875874315,0.18745956037121994,PASS
0.15,30,2025-08-19,26.0,0.001139028446080916,0.4583333333333333,0.0015905043732553548,0.4583333333333333,0.001139028446080916,0.4583333333333333,0.0007981177249279822,0.5833333333333334,0.0008564169342741926,0.6666666666666666,0.0007981177249279822,0.5833333333333334,2.152511605095445e-05,0.5833333333333334,2.152511605095445e-05,0.5833333333333334,2.152511605095445e-05,0.5833333333333334,0.4525025561222525,0.02640397566365691,0.4636301994926366,0.02249494261018319,-0.06458576988628911,0.04379381790116012,0.8137919012546868,0.3086771736089564,FAIL
0.15,30,2025-08-20,26.0,0.0009589999212429383,0.625,0.002396832459023449,0.4166666666666667,0.0009589999212429383,0.625,0.0006496239783543688,0.5833333333333334,0.0005811757639483014,0.875,0.0006496239783543688,0.5833333333333334,1.1193690689524486e-05,0.3333333333333333,1.1193690689524486e-05,0.3333333333333333,1.1193690689524486e-05,0.3333333333333333,0.7659778475762091,1.2830893551680365e-05,0.1329857974053237,0.5356022671798863,-0.06264709733732389,0.07877951838031916,0.9431188576928927,0.17706675691116908,PASS
0.15,30,ALL,26.0,0.0011920943331572974,0.5208333333333333,0.002846501341879546,0.46875,0.0011920943331572974,0.5208333333333333,0.0007493967365245226,0.6145833333333334,0.0007118460820168998,0.75,0.0007493967365245226,0.6145833333333334,1.7271266509125676e-05,0.4791666666666667,1.7271266509125676e-05,0.4791666666666667,1.7271266509125676e-05,0.4791666666666667,0.6939362698622993,0.0066157014529160795,0.23174978645166272,0.3741143949170862,-0.06583420503122393,0.07425024547081822,0.7968999090776446,0.21549121088540302,PASS
0.2,1,2025-08-14,381.0,0.00034538513487685207,0.5910290237467019,0.0006374731156761498,0.5699208443271768,0.00034634798871385704,0.6147757255936676,0.0007481068113803819,0.5778364116094987,0.0006990889177545585,0.6569920844327177,0.00062198634327819,0.6701846965699209,5.4010970900706985e-06,0.506631299734748,5.4010970900706985e-06,0.506631299734748,5.401534675519522e-06,0.5211640211640212,0.7598255974702293,1.7070428423275492e-72,0.3882812058795203,4.366363890036447e-15,-0.07926629659272935,0.017574557374352852,0.9802448263796074,0.2008067239792158,PASS
0.2,1,2025-08-15,762.0,0.0008018948980504509,0.6044973544973545,0.002528840267328272,0.5369393139841688,0.0008046162670160615,0.6055408970976254,0.0007041376527815932,0.5947368421052631,0.0007013838438685768,0.6197368421052631,0.000612407073235142,0.6368421052631579,6.385035299876263e-06,0.526595744680851,6.385035299876263e-06,0.526595744680851,6.437585321054419e-06,0.5152317880794702,0.8999307081956546,1.83334475465261e-275,0.46574861293102193,3.498836081295698e-42,-0.08184349137334476,0.06671773439977091,1.0023096561833127,0.20927741175312956,MARGINAL
0.2,1,2025-08-18,762.0,0.0003039643511748446,0.6097883597883598,0.004095351582558293,0.5065963060686016,0.00030372082843453907,0.6015831134564644,0.00044443345962964217,0.5593667546174143,0.0005915372193104532,0.5928853754940712,0.00041472240432661534,0.6007905138339921,2.8255346382210557e-06,0.5200534759358288,2.8255346382210557e-06,0.5200534759358288,2.841005462632091e-06,0.5092838196286472,0.9862616762936436,0.0,0.6773855429637797,3.6098746103048347e-103,-0.08268513067175734,0.10276171171136807,1.0565307430287512,0.1900222852935355,FAIL
0.2,1,2025-08-19,762.0,0.00030262433852726225,0.6153846153846154,0.0012686080316451302,0.5046235138705416,0.0003041693674620334,0.6150793650793651,0.00047294368971799553,0.5915119363395226,0.0007983998898040467,0.6116248348745046,0.00043643633348628157,0.6150793650793651,5.286916272180517e-06,0.5297297297297298,5.286916272180517e-06,0.5297297297297298,5.400682837444538e-06,0.5040106951871658,0.9118238737141209,2.875524904206142e-295,0.8017919253779784,1.19847719814499e-171,-0.07828128889526058,0.046405623306168854,1.1909301429657633,0.2882631760653865,FAIL
0.2,1,2025-08-20,762.0,0.00024101803651326752,0.5963060686015831,0.0020114740178497448,0.5098814229249012,0.0002432910087426323,0.5915678524374176,0.0005573604909120119,0.600263852242744,0.0006374119646146982,0.6100131752305665,0.0004987534652796831,0.5849802371541502,3.209266234492711e-06,0.5190217391304348,3.209266234492711e-06,0.5190217391304348,3.255176287976034e-06,0.5160857908847185,0.9746880163659075,0.0,0.5709916730576363,5.735474258574389e-67,-0.07594747279933474,0.07432038204654963,1.3906224160596106,0.2159172443357799,FAIL
0.2,1,2025-08-21,381.0,0.00022377572976431956,0.5809018567639257,0.0005766483891958842,0.5661375661375662,0.00022436639269440454,0.5873015873015873,0.0005185874895014954,0.6068601583113457,0.0005454236749043022,0.6015831134564644,0.00045948929960763557,0.6253298153034301,2.6746466136975547e-06,0.5444743935309974,2.6746466136975547e-06,0.5444743935309974,2.7064617918436485e-06,0.5267379679144385,0.8721353588136298,4.2714070156030727e-119,0.561862613227686,6.406474494821364e-33,-0.07633852730914803,0.021762700182064446,1.406682899147682,0.1832104478258856,FAIL
0.2,1,ALL,635.0,0.0003697770814844995,0.5996512131304234,0.0018530659007089127,0.5323498278854927,0.0003710853088439213,0.6026414234943546,0.0005742615989871866,0.5884293258709646,0.0006622075850427726,0.6154725709322646,0.000507299153202258,0.6222011222006693,4.2970826914231335e-06,0.5244177304570982,4.2970826914231335e-06,0.5244177304570982,4.340407729411708e-06,0.5154190138097435,0.9007775384755309,2.8450714038792486e-73,0.5776769289062704,7.277273150060745e-16,-0.07906036794026246,0.05492378483671246,1.171220113960788,0.21458288154215546,FAIL
0.2,5,2025-08-14,77.0,0.0006589558261878565,0.5066666666666667,0.0007506236147188638,0.56,0.0006634473522251893,0.49333333333333335,0.0008847447162686453,0.68,0.0006765579482378213,0.7333333333333333,0.0007815805851747135,0.7066666666666667,9.773261878867337e-06,0.5066666666666667,9.773261878867337e-06,0.5066666666666667,9.664683823193392e-06,0.5466666666666666,0.42062751114344926,0.0001716508208587124,0.017307837288255957,0.8828291487803603,-0.0791212865870267,0.018735596625388054,0.9696205941484483,0.19278257470095542,PASS
0.2,5,2025-08-15,154.0,0.0011332716282288157,0.6842105263157895,0.002629986177650468,0.5526315789473685,0.0011597242695234032,0.6644736842105263,0.0008986247756992903,0.631578947368421,0.0007055517326430322,0.7236842105263158,0.0007351733168356686,0.7171052631578947,1.2110699230949142e-05,0.46710526315789475,1.2110699230949142e-05,0.46710526315789475,1.2407186357577846e-05,0.4605263157894737,0.8088820514510027,2.0284662824763066e-36,0.14277197962735813,0.07931385862637398,-0.08165159966136559,0.06810034935692773,1.0089643521978517,0.207728595323137,PASS
0.2,5,2025-08-18,154.0,0.0005783229963604953,0.5526315789473685,0.0041027196962531536,0.506578947368421,0.0005842601357837385,0.5328947368421053,0.0006412099063393464,0.625,0.0005756945758178271,0.7105263157894737,0.0005889202541266166,0.6776315789473685,5.38751361975479e-06,0.45394736842105265,5.38751361975479e-06,0.45394736842105265,5.506933114860976e-06,0.4342105263157895,0.9389518692380364,2.1532748094946683e-71,0.25684089470195903,0.001402355629341615,-0.08262703457561654,0.1024380990290949,1.0489061281751872,0.1877517253553099,PASS
0.2,5,2025-08-19,154.0,0.0006276769582303912,0.5197368421052632,0.0013480338564033551,0.4407894736842105,0.0006430718942501869,0.506578947368421,0.0006784502542830631,0.6710526315789473,0.0007985544707793542,0.625,0.0006231583459308048,0.6118421052631579,1.1469142001734964e-05,0.5666666666666667,1.1469142001734964e-05,0.5666666666666667,1.2525218460130112e-05,0.4768211920529801,0.6898677319674495,8.438937873019596e-23,0.557056140909236,9.122355934415265e-14,-0.0782640554552794,0.0459418048958319,1.1875409288104097,0.28850325611034305,FAIL
0.2,5,2025-08-20,154.0,0.00041664455877844195,0.5921052631578947,0.002042148836773059,0.506578947368421,0.00041836720319331737,0.5789473684210527,0.0006870677081563875,0.6052631578947368,0.0006472959191208467,0.6776315789473685,0.0006123129951543719,0.618421052631579,5.813146744290369e-06,0.5263157894736842,5.813146744290369e-06,0.5263157894736842,5.8786096556755485e-06,0.5,0.9171918321770146,8.04597722249593e-62,0.330837678350115,3.1407132793908925e-05,-0.07597942504662784,0.07398568507002744,1.3838524877369276,0.2159313695516554,PASS
0.2,5,2025-08-21,77.0,0.0003834186326017343,0.56,0.000624668249548891,0.5066666666666667,0.00038237767562819807,0.52,0.0006840417776355017,0.6133333333333333,0.0005377981974266972,0.6666666666666666,0.0006056210361598432,0.68,4.10639114526096e-06,0.5466666666666666,4.10639114526096e-06,0.5466666666666666,4.245466440209427e-06,0.4533333333333333,0.6669309639092768,6.460214379845444e-11,0.16676197773501963,0.15272301846332048,-0.07638866169106466,0.021590235382207563,1.3964585660931488,0.18268432908195859,PASS
0.2,5,ALL,128.33333333333334,0.0006330484333979559,0.5692251461988305,0.0019163634052246315,0.5122076023391813,0.0006418747551006722,0.5493713450292398,0.000745689856397039,0.637704678362573,0.0006569088073375964,0.6894736842105263,0.0006577944222303365,0.6686111111111112,8.110025770142927e-06,0.5112280701754387,8.110025770142927e-06,0.5112280701754387,8.371349641941217e-06,0.4785930056930405,0.7404086599810382,2.8608480910142703e-05,0.24526275143532394,0.18604996477204694,-0.07900534383616346,0.0551319617265796,1.1658905095269956,0.21256364168722655,PASS
0.2,15,2025-08-14,26.0,0.0008584143328973198,0.7083333333333334,0.0008236537095636188,0.625,0.0008584143328973198,0.7083333333333334,0.0007447995803303888,0.5833333333333334,0.000759356761935477,0.6666666666666666,0.0007447995803303888,0.5833333333333334,1.3462632498721303e-05,0.625,1.3462632498721303e-05,0.625,1.3462632498721303e-05,0.625,0.16114315798565493,0.4519122538829361,0.4121639415184705,0.045352640881278335,-0.07906939661558272,0.01982238337419121,0.9583849719526795,0.21486064900876303,MARGINAL
0.2,15,2025-08-15,52.0,0.0013756929622469327,0.68,0.0025939044803174184,0.54,0.0013926306808762043,0.68,0.0009416406360826203,0.54,0.0007506082113727581,0.72,0.0009228155778083941,0.56,1.9105419243584118e-05,0.56,1.9105419243584118e-05,0.56,1.9209137780600973e-05,0.54,0.6858954034744451,3.8656158757272114e-08,0.11994016887917087,0.40673380873136267,-0.08181133274241727,0.06376962840148225,1.0347568541923187,0.2126696716970042,PASS
0.2,15,2025-08-18,52.0,0.0009060409623786616,0.7,0.004092586472826621,0.52,0.0009230251537952375,0.64,0.000635456729142286,0.5,0.0005868562114620191,0.84,0.000598321994165724,0.68,8.976834024642128e-06,0.46,8.976834024642128e-06,0.46,9.05248059862091e-06,0.48,0.8681496575166561,3.2621024665132577e-16,0.3316040766408822,0.018648709489989933,-0.08266380896101813,0.10198359779378618,1.063253836613764,0.1778451164010353,PASS
0.2,15,2025-08-19,52.0,0.0010489714976230915,0.52,0.001496457154366943,0.44,0.0011729420291286994,0.52,0.0007292227012538223,0.58,0.0008158029291702085,0.68,0.0006817475315977526,0.58,1.876320980587657e-05,0.48,1.876320980587657e-05,0.48,2.0030339866546666e-05,0.4,0.18273429881261863,0.20402359489376637,0.4073877682337337,0.003321027607193595,-0.0784058329110715,0.044456821639636365,1.2038840532026511,0.29035509334503806,FAIL
0.2,15,2025-08-20,52.0,0.000708621602972392,0.52,0.0021809749213670343,0.46,0.0007155732098197715,0.52,0.0007046280827589806,0.7,0.0006218674316601205,0.7,0.0006376162999327559,0.72,8.670455601682759e-06,0.42,8.670455601682759e-06,0.42,8.739710994577226e-06,0.42,0.8764458542306457,7.557678087854495e-17,0.20621807828700883,0.1507760742604054,-0.07608100964045818,0.07391424580788515,1.4040353142227757,0.19846624085232278,PASS
0.2,15,2025-08-21,26.0,0.0005683171850858778,0.4583333333333333,0.0007093737379949182,0.5,0.0005683171850858778,0.4583333333333333,0.0007757952898139937,0.7083333333333334,0.0005803808441477487,0.7916666666666666,0.0007757952898139937,0.7083333333333334,5.115956519270522e-06,0.3333333333333333,5.115956519270522e-06,0.3333333333333333,5.115956519270522e-06,0.3333333333333333,0.4530348825671889,0.026205333979021687,-0.07843795572148843,0.7156231771258409,-0.07635002026080873,0.02095018819436332,1.3547428301244688,0.17889563352412666,PASS
0.2,15,ALL,43.333333333333336,0.0009110097572007126,0.5977777777777779,0.001982825079406092,0.5141666666666667,0.0009384837652671851,0.5877777777777778,0.0007552571698970154,0.6019444444444445,0.0006858120649580554,0.7330555555555556,0.0007268493789415014,0.6386111111111112,1.2349084615629566e-05,0.4797222222222222,1.2349084615629566e-05,0.4797222222222222,1.2601709709722935e-05,0.4663888888888889,0.5379005424312016,0.11369020356864723,0.23314601297296292,0.22340923968267848,-0.07906356685522609,0.05414947753522408,1.1698429767181098,0.21218206747138169,PASS
0.2,30,2025-08-15,26.0,0.0014237981259699506,0.5416666666666666,0.0027315122676768674,0.4583333333333333,0.0014237981259699506,0.5416666666666666,0.0008250079889742619,0.625,0.0007370046627791374,0.7916666666666666,0.0008250079889742619,0.625,2.4698850429978212e-05,0.4583333333333333,2.4698850429978212e-05,0.4583333333333333,2.4698850429978212e-05,0.4583333333333333,0.809713212530365,1.6428410105777242e-06,0.09450916982233322,0.6604677757696218,-0.08214733341373227,0.06202254017618102,1.04000744411584,0.19210372572342535,PASS
0.2,30,2025-08-18,26.0,0.0012465508393353843,0.4583333333333333,0.004123816917654983,0.5416666666666666,0.0012465508393353843,0.4583333333333333,0.0007248372538414777,0.6666666666666666,0.0006425418293239901,0.7083333333333334,0.0007248372538414777,0.6666666666666666,1.166740886604556e-05,0.5416666666666666,1.166740886604556e-05,0.5416666666666666,1.166740886604556e-05,0.5416666666666666,0.708439343242661,0.00010705206356339785,0.1780445893993919,0.4052089065833843,-0.08260173162081177,0.10076169717299736,1.0575581194927777,0.17956314482455016,PASS
0.2,30,2025-08-19,26.0,0.001139028446080916,0.4583333333333333,0.0015022513421490361,0.4583333333333333,0.001139028446080916,0.4583333333333333,0.0007981177249279822,0.5833333333333334,0.000866230155708456,0.6666666666666666,0.0007981177249279822,0.5833333333333334,2.152511605095445e-05,0.5833333333333334,2.152511605095445e-05,0.5833333333333334,2.152511605095445e-05,0.5833333333333334,0.40107814500941136,0.052085724832481445,0.4709336879922874,0.02019372514536286,-0.07843323595245968,0.041284437829095265,1.2021738620789857,0.3135889355807866,FAIL
0.2,30,2025-08-20,26.0,0.0009589999212429383,0.625,0.0022912350634892906,0.4166666666666667,0.0009589999212429383,0.625,0.0006496239783543688,0.5833333333333334,0.0005814373780104768,0.875,0.0006496239783543688,0.5833333333333334,1.1193690689524486e-05,0.3333333333333333,1.1193690689524486e-05,0.3333333333333333,1.1193690689524486e-05,0.3333333333333333,0.7434462101297367,3.1430145744480675e-05,0.12044794409840358,0.5750569863513422,-0.07606900189615391,0.07570488968019395,1.3913591794435558,0.17775845638502374,PASS
0.2,30,ALL,26.0,0.0011920943331572974,0.5208333333333333,0.0026622038977425445,0.46875,0.0011920943331572974,0.5208333333333333,0.0007493967365245226,0.6145833333333334,0.0007068035064555151,0.7604166666666666,0.0007493967365245226,0.6145833333333334,1.7271266509125676e-05,0.4791666666666667,1.7271266509125676e-05,0.4791666666666667,1.7271266509125676e-05,0.4791666666666667,0.6656692277280435,0.013056462470699975,0.215983847828104,0.4152318484624278,-0.07981282572078942,0.0699433912146169,1.17277465128279,0.21575356562844647,PASS
